[
  {
    "pk": 1, 
    "model": "dashboard.dashboardpreferences", 
    "fields": {
      "dashboard_id": "dashboard", 
      "data": "{}", 
      "user": 1
    }
  }, 
  {
    "pk": 2, 
    "model": "dashboard.dashboardpreferences", 
    "fields": {
      "dashboard_id": "auth-dashboard", 
      "data": "{}", 
      "user": 1
    }
  }, 
  {
    "pk": 13, 
    "model": "contenttypes.contenttype", 
    "fields": {
      "model": "beverage", 
      "name": "beverage", 
      "app_label": "inventory"
    }
  }, 
  {
    "pk": 11, 
    "model": "contenttypes.contenttype", 
    "fields": {
      "model": "bookmark", 
      "name": "bookmark", 
      "app_label": "menu"
    }
  }, 
  {
    "pk": 27, 
    "model": "contenttypes.contenttype", 
    "fields": {
      "model": "boothtokennote", 
      "name": "booth token note", 
      "app_label": "inventory"
    }
  }, 
  {
    "pk": 5, 
    "model": "contenttypes.contenttype", 
    "fields": {
      "model": "contenttype", 
      "name": "content type", 
      "app_label": "contenttypes"
    }
  }, 
  {
    "pk": 12, 
    "model": "contenttypes.contenttype", 
    "fields": {
      "model": "dashboardpreferences", 
      "name": "dashboard preferences", 
      "app_label": "dashboard"
    }
  }, 
  {
    "pk": 2, 
    "model": "contenttypes.contenttype", 
    "fields": {
      "model": "group", 
      "name": "group", 
      "app_label": "auth"
    }
  }, 
  {
    "pk": 19, 
    "model": "contenttypes.contenttype", 
    "fields": {
      "model": "inventory", 
      "name": "inventory", 
      "app_label": "inventory"
    }
  }, 
  {
    "pk": 18, 
    "model": "contenttypes.contenttype", 
    "fields": {
      "model": "inventorygroup", 
      "name": "inventory group", 
      "app_label": "inventory"
    }
  }, 
  {
    "pk": 14, 
    "model": "contenttypes.contenttype", 
    "fields": {
      "model": "location", 
      "name": "location", 
      "app_label": "inventory"
    }
  }, 
  {
    "pk": 15, 
    "model": "contenttypes.contenttype", 
    "fields": {
      "model": "locationstandard", 
      "name": "location standard", 
      "app_label": "inventory"
    }
  }, 
  {
    "pk": 26, 
    "model": "contenttypes.contenttype", 
    "fields": {
      "model": "locationtokennote", 
      "name": "location token note", 
      "app_label": "inventory"
    }
  }, 
  {
    "pk": 8, 
    "model": "contenttypes.contenttype", 
    "fields": {
      "model": "logentry", 
      "name": "log entry", 
      "app_label": "admin"
    }
  }, 
  {
    "pk": 4, 
    "model": "contenttypes.contenttype", 
    "fields": {
      "model": "message", 
      "name": "message", 
      "app_label": "auth"
    }
  }, 
  {
    "pk": 9, 
    "model": "contenttypes.contenttype", 
    "fields": {
      "model": "migrationhistory", 
      "name": "migration history", 
      "app_label": "south"
    }
  }, 
  {
    "pk": 20, 
    "model": "contenttypes.contenttype", 
    "fields": {
      "model": "note", 
      "name": "note", 
      "app_label": "inventory"
    }
  }, 
  {
    "pk": 17, 
    "model": "contenttypes.contenttype", 
    "fields": {
      "model": "order", 
      "name": "order", 
      "app_label": "inventory"
    }
  }, 
  {
    "pk": 16, 
    "model": "contenttypes.contenttype", 
    "fields": {
      "model": "ordergroup", 
      "name": "order group", 
      "app_label": "inventory"
    }
  }, 
  {
    "pk": 1, 
    "model": "contenttypes.contenttype", 
    "fields": {
      "model": "permission", 
      "name": "permission", 
      "app_label": "auth"
    }
  }, 
  {
    "pk": 10, 
    "model": "contenttypes.contenttype", 
    "fields": {
      "model": "registrationprofile", 
      "name": "registration profile", 
      "app_label": "registration"
    }
  }, 
  {
    "pk": 6, 
    "model": "contenttypes.contenttype", 
    "fields": {
      "model": "session", 
      "name": "session", 
      "app_label": "sessions"
    }
  }, 
  {
    "pk": 7, 
    "model": "contenttypes.contenttype", 
    "fields": {
      "model": "site", 
      "name": "site", 
      "app_label": "sites"
    }
  }, 
  {
    "pk": 21, 
    "model": "contenttypes.contenttype", 
    "fields": {
      "model": "token", 
      "name": "token", 
      "app_label": "inventory"
    }
  }, 
  {
    "pk": 22, 
    "model": "contenttypes.contenttype", 
    "fields": {
      "model": "tokenbooth", 
      "name": "token booth", 
      "app_label": "inventory"
    }
  }, 
  {
    "pk": 24, 
    "model": "contenttypes.contenttype", 
    "fields": {
      "model": "tokencollection", 
      "name": "token collection", 
      "app_label": "inventory"
    }
  }, 
  {
    "pk": 23, 
    "model": "contenttypes.contenttype", 
    "fields": {
      "model": "tokendelivery", 
      "name": "token delivery", 
      "app_label": "inventory"
    }
  }, 
  {
    "pk": 3, 
    "model": "contenttypes.contenttype", 
    "fields": {
      "model": "user", 
      "name": "user", 
      "app_label": "auth"
    }
  }, 
  {
    "pk": "50f9902f7ad1b458288d7e3e5dabd3a6", 
    "model": "sessions.session", 
    "fields": {
      "expire_date": "2012-07-14 17:51:49", 
      "session_data": "M2IzOTMxZmZlYTY5NTNkNzcwZTlkOWEzYjI2MmNhYWVmMWVkMGJmZjqAAn1xAS4=\n"
    }
  }, 
  {
    "pk": "64cd2239e17e349d5f613dbc05027d0b", 
    "model": "sessions.session", 
    "fields": {
      "expire_date": "2012-07-03 20:43:11", 
      "session_data": "NzU4Mjc5NWU0N2UwNWNhM2I0NzQ4ODg3NTkzNjNkYWQ2MGIyZDQzNzqAAn1xAShVEl9hdXRoX3Vz\nZXJfYmFja2VuZFUpZGphbmdvLmNvbnRyaWIuYXV0aC5iYWNrZW5kcy5Nb2RlbEJhY2tlbmRxAlUN\nX2F1dGhfdXNlcl9pZEsBdS4=\n"
    }
  }, 
  {
    "pk": "6e0506dca32e8c01e476b15cbf827e36", 
    "model": "sessions.session", 
    "fields": {
      "expire_date": "2012-07-05 18:33:51", 
      "session_data": "ZGQ3YjQ5M2JhZDg1Y2ZlYjlhMDVjMWYxNjk3NDBmMmM3NTc2ZWYzNzqAAn1xAShVEl9hdXRoX3Vz\nZXJfYmFja2VuZHECVSlkamFuZ28uY29udHJpYi5hdXRoLmJhY2tlbmRzLk1vZGVsQmFja2VuZHED\nVQ1fYXV0aF91c2VyX2lkcQRLAXUu\n"
    }
  }, 
  {
    "pk": "4d312b8662203d7bd461a41b1be22aed", 
    "model": "sessions.session", 
    "fields": {
      "expire_date": "2012-07-18 14:45:21", 
      "session_data": "ZDIwODA1YTUxMzMwZDQyZGUxN2Q5ZWI3NDdlODc3ZDIxZjljZTBlNjqAAn1xAShVCnRlc3Rjb29r\naWVxAlUGd29ya2VkcQNVDV9hdXRoX3VzZXJfaWRLA1USX2F1dGhfdXNlcl9iYWNrZW5kVSlkamFu\nZ28uY29udHJpYi5hdXRoLmJhY2tlbmRzLk1vZGVsQmFja2VuZHUu\n"
    }
  }, 
  {
    "pk": "dcf7400ada97fc1bb1ad0da7bc104d2f", 
    "model": "sessions.session", 
    "fields": {
      "expire_date": "2012-07-15 18:01:12", 
      "session_data": "ZGQ3YjQ5M2JhZDg1Y2ZlYjlhMDVjMWYxNjk3NDBmMmM3NTc2ZWYzNzqAAn1xAShVEl9hdXRoX3Vz\nZXJfYmFja2VuZHECVSlkamFuZ28uY29udHJpYi5hdXRoLmJhY2tlbmRzLk1vZGVsQmFja2VuZHED\nVQ1fYXV0aF91c2VyX2lkcQRLAXUu\n"
    }
  }, 
  {
    "pk": 1, 
    "model": "sites.site", 
    "fields": {
      "domain": "example.com", 
      "name": "example.com"
    }
  }, 
  {
    "pk": 39, 
    "model": "admin.logentry", 
    "fields": {
      "action_flag": 3, 
      "action_time": "2012-07-04 14:44:55", 
      "object_repr": "token", 
      "object_id": "1", 
      "change_message": "", 
      "user": 1, 
      "content_type": [
        "auth", 
        "group"
      ]
    }
  }, 
  {
    "pk": 38, 
    "model": "admin.logentry", 
    "fields": {
      "action_flag": 3, 
      "action_time": "2012-07-04 14:38:54", 
      "object_repr": "order", 
      "object_id": "2", 
      "change_message": "", 
      "user": 1, 
      "content_type": [
        "auth", 
        "group"
      ]
    }
  }, 
  {
    "pk": 37, 
    "model": "admin.logentry", 
    "fields": {
      "action_flag": 2, 
      "action_time": "2012-07-04 14:09:45", 
      "object_repr": "admin", 
      "object_id": "4", 
      "change_message": "Changed first_name, last_name and groups.", 
      "user": 1, 
      "content_type": [
        "auth", 
        "user"
      ]
    }
  }, 
  {
    "pk": 36, 
    "model": "admin.logentry", 
    "fields": {
      "action_flag": 1, 
      "action_time": "2012-07-04 14:09:22", 
      "object_repr": "admin", 
      "object_id": "4", 
      "change_message": "", 
      "user": 1, 
      "content_type": [
        "auth", 
        "user"
      ]
    }
  }, 
  {
    "pk": 35, 
    "model": "admin.logentry", 
    "fields": {
      "action_flag": 2, 
      "action_time": "2012-07-04 14:03:34", 
      "object_repr": "token", 
      "object_id": "1", 
      "change_message": "No fields changed.", 
      "user": 1, 
      "content_type": [
        "auth", 
        "group"
      ]
    }
  }, 
  {
    "pk": 34, 
    "model": "admin.logentry", 
    "fields": {
      "action_flag": 2, 
      "action_time": "2012-07-04 14:02:58", 
      "object_repr": "token", 
      "object_id": "1", 
      "change_message": "Changed permissions.", 
      "user": 1, 
      "content_type": [
        "auth", 
        "group"
      ]
    }
  }, 
  {
    "pk": 33, 
    "model": "admin.logentry", 
    "fields": {
      "action_flag": 1, 
      "action_time": "2012-07-04 14:02:15", 
      "object_repr": "Admin", 
      "object_id": "3", 
      "change_message": "", 
      "user": 1, 
      "content_type": [
        "auth", 
        "group"
      ]
    }
  }, 
  {
    "pk": 32, 
    "model": "admin.logentry", 
    "fields": {
      "action_flag": 2, 
      "action_time": "2012-07-01 17:33:49", 
      "object_repr": "token", 
      "object_id": "3", 
      "change_message": "No fields changed.", 
      "user": 1, 
      "content_type": [
        "auth", 
        "user"
      ]
    }
  }, 
  {
    "pk": 31, 
    "model": "admin.logentry", 
    "fields": {
      "action_flag": 2, 
      "action_time": "2012-07-01 17:03:04", 
      "object_repr": "token", 
      "object_id": "3", 
      "change_message": "Changed first_name, last_name and groups.", 
      "user": 1, 
      "content_type": [
        "auth", 
        "user"
      ]
    }
  }, 
  {
    "pk": 30, 
    "model": "admin.logentry", 
    "fields": {
      "action_flag": 1, 
      "action_time": "2012-07-01 17:02:51", 
      "object_repr": "token", 
      "object_id": "3", 
      "change_message": "", 
      "user": 1, 
      "content_type": [
        "auth", 
        "user"
      ]
    }
  }, 
  {
    "pk": 29, 
    "model": "admin.logentry", 
    "fields": {
      "action_flag": 2, 
      "action_time": "2012-07-01 17:02:39", 
      "object_repr": "order", 
      "object_id": "2", 
      "change_message": "Changed first_name, last_name and groups.", 
      "user": 1, 
      "content_type": [
        "auth", 
        "user"
      ]
    }
  }, 
  {
    "pk": 28, 
    "model": "admin.logentry", 
    "fields": {
      "action_flag": 1, 
      "action_time": "2012-07-01 17:02:27", 
      "object_repr": "order", 
      "object_id": "2", 
      "change_message": "", 
      "user": 1, 
      "content_type": [
        "auth", 
        "user"
      ]
    }
  }, 
  {
    "pk": 27, 
    "model": "admin.logentry", 
    "fields": {
      "action_flag": 1, 
      "action_time": "2012-07-01 17:02:10", 
      "object_repr": "order", 
      "object_id": "2", 
      "change_message": "", 
      "user": 1, 
      "content_type": [
        "auth", 
        "group"
      ]
    }
  }, 
  {
    "pk": 26, 
    "model": "admin.logentry", 
    "fields": {
      "action_flag": 1, 
      "action_time": "2012-07-01 17:01:29", 
      "object_repr": "token", 
      "object_id": "1", 
      "change_message": "", 
      "user": 1, 
      "content_type": [
        "auth", 
        "group"
      ]
    }
  }, 
  {
    "pk": 25, 
    "model": "admin.logentry", 
    "fields": {
      "action_flag": 2, 
      "action_time": "2012-06-30 16:10:26", 
      "object_repr": "jasongonzales", 
      "object_id": "1", 
      "change_message": "Changed first_name and last_name.", 
      "user": 1, 
      "content_type": [
        "auth", 
        "user"
      ]
    }
  }, 
  {
    "pk": 24, 
    "model": "admin.logentry", 
    "fields": {
      "action_flag": 1, 
      "action_time": "2012-06-30 10:08:33", 
      "object_repr": "0 problem", 
      "object_id": "4", 
      "change_message": "", 
      "user": 1, 
      "content_type": [
        "inventory", 
        "location"
      ]
    }
  }, 
  {
    "pk": 23, 
    "model": "admin.logentry", 
    "fields": {
      "action_flag": 1, 
      "action_time": "2012-06-26 21:04:41", 
      "object_repr": "thinger", 
      "object_id": "3", 
      "change_message": "", 
      "user": 1, 
      "content_type": [
        "inventory", 
        "location"
      ]
    }
  }, 
  {
    "pk": 22, 
    "model": "admin.logentry", 
    "fields": {
      "action_flag": 2, 
      "action_time": "2012-06-26 10:25:21", 
      "object_repr": "Order object", 
      "object_id": "6", 
      "change_message": "Changed units_ordered.", 
      "user": 1, 
      "content_type": [
        "inventory", 
        "order"
      ]
    }
  }, 
  {
    "pk": 21, 
    "model": "admin.logentry", 
    "fields": {
      "action_flag": 3, 
      "action_time": "2012-06-24 10:00:00", 
      "object_repr": "Note object", 
      "object_id": "2", 
      "change_message": "", 
      "user": 1, 
      "content_type": [
        "inventory", 
        "note"
      ]
    }
  }, 
  {
    "pk": 20, 
    "model": "admin.logentry", 
    "fields": {
      "action_flag": 3, 
      "action_time": "2012-06-24 09:02:18", 
      "object_repr": "Inventory object", 
      "object_id": "7", 
      "change_message": "", 
      "user": 1, 
      "content_type": [
        "inventory", 
        "inventory"
      ]
    }
  }, 
  {
    "pk": 19, 
    "model": "admin.logentry", 
    "fields": {
      "action_flag": 3, 
      "action_time": "2012-06-24 09:02:18", 
      "object_repr": "Inventory object", 
      "object_id": "8", 
      "change_message": "", 
      "user": 1, 
      "content_type": [
        "inventory", 
        "inventory"
      ]
    }
  }, 
  {
    "pk": 18, 
    "model": "admin.logentry", 
    "fields": {
      "action_flag": 3, 
      "action_time": "2012-06-24 09:02:18", 
      "object_repr": "Inventory object", 
      "object_id": "9", 
      "change_message": "", 
      "user": 1, 
      "content_type": [
        "inventory", 
        "inventory"
      ]
    }
  }, 
  {
    "pk": 17, 
    "model": "admin.logentry", 
    "fields": {
      "action_flag": 2, 
      "action_time": "2012-06-24 08:58:19", 
      "object_repr": "Dudes Tent", 
      "object_id": "2", 
      "change_message": "Added location standard \"LocationStandard object\". Added location standard \"LocationStandard object\". Added location standard \"LocationStandard object\".", 
      "user": 1, 
      "content_type": [
        "inventory", 
        "location"
      ]
    }
  }, 
  {
    "pk": 16, 
    "model": "admin.logentry", 
    "fields": {
      "action_flag": 1, 
      "action_time": "2012-06-24 08:51:29", 
      "object_repr": "Dudes Tent", 
      "object_id": "2", 
      "change_message": "", 
      "user": 1, 
      "content_type": [
        "inventory", 
        "location"
      ]
    }
  }, 
  {
    "pk": 15, 
    "model": "admin.logentry", 
    "fields": {
      "action_flag": 1, 
      "action_time": "2012-06-21 18:47:01", 
      "object_repr": "Token Booth #2", 
      "object_id": "2", 
      "change_message": "", 
      "user": 1, 
      "content_type": [
        "inventory", 
        "tokenbooth"
      ]
    }
  }, 
  {
    "pk": 14, 
    "model": "admin.logentry", 
    "fields": {
      "action_flag": 1, 
      "action_time": "2012-06-21 18:46:51", 
      "object_repr": "Token Booth #1", 
      "object_id": "1", 
      "change_message": "", 
      "user": 1, 
      "content_type": [
        "inventory", 
        "tokenbooth"
      ]
    }
  }, 
  {
    "pk": 13, 
    "model": "admin.logentry", 
    "fields": {
      "action_flag": 1, 
      "action_time": "2012-06-19 21:30:52", 
      "object_repr": "Token object", 
      "object_id": "1", 
      "change_message": "", 
      "user": 1, 
      "content_type": [
        "inventory", 
        "token"
      ]
    }
  }, 
  {
    "pk": 12, 
    "model": "admin.logentry", 
    "fields": {
      "action_flag": 2, 
      "action_time": "2012-06-19 21:00:04", 
      "object_repr": "Garden Beverages", 
      "object_id": "1", 
      "change_message": "Added inventory \"Inventory object\". Added inventory \"Inventory object\". Added inventory \"Inventory object\".", 
      "user": 1, 
      "content_type": [
        "inventory", 
        "location"
      ]
    }
  }, 
  {
    "pk": 11, 
    "model": "admin.logentry", 
    "fields": {
      "action_flag": 1, 
      "action_time": "2012-06-19 20:59:45", 
      "object_repr": "1", 
      "object_id": "1", 
      "change_message": "", 
      "user": 1, 
      "content_type": [
        "inventory", 
        "inventorygroup"
      ]
    }
  }, 
  {
    "pk": 10, 
    "model": "admin.logentry", 
    "fields": {
      "action_flag": 2, 
      "action_time": "2012-06-19 20:59:39", 
      "object_repr": "Garden Beverages", 
      "object_id": "1", 
      "change_message": "Added location standard \"LocationStandard object\". Added location standard \"LocationStandard object\". Added location standard \"LocationStandard object\".", 
      "user": 1, 
      "content_type": [
        "inventory", 
        "location"
      ]
    }
  }, 
  {
    "pk": 9, 
    "model": "admin.logentry", 
    "fields": {
      "action_flag": 2, 
      "action_time": "2012-06-19 20:59:10", 
      "object_repr": "Garden Beverages", 
      "object_id": "1", 
      "change_message": "Changed organization.", 
      "user": 1, 
      "content_type": [
        "inventory", 
        "location"
      ]
    }
  }, 
  {
    "pk": 8, 
    "model": "admin.logentry", 
    "fields": {
      "action_flag": 1, 
      "action_time": "2012-06-19 20:59:03", 
      "object_repr": "Garden Beverages", 
      "object_id": "1", 
      "change_message": "", 
      "user": 1, 
      "content_type": [
        "inventory", 
        "location"
      ]
    }
  }, 
  {
    "pk": 7, 
    "model": "admin.logentry", 
    "fields": {
      "action_flag": 1, 
      "action_time": "2012-06-19 20:41:28", 
      "object_repr": "Scotch", 
      "object_id": "6", 
      "change_message": "", 
      "user": 1, 
      "content_type": [
        "inventory", 
        "beverage"
      ]
    }
  }, 
  {
    "pk": 6, 
    "model": "admin.logentry", 
    "fields": {
      "action_flag": 1, 
      "action_time": "2012-06-19 20:31:47", 
      "object_repr": "Beer", 
      "object_id": "5", 
      "change_message": "", 
      "user": 1, 
      "content_type": [
        "inventory", 
        "beverage"
      ]
    }
  }, 
  {
    "pk": 5, 
    "model": "admin.logentry", 
    "fields": {
      "action_flag": 1, 
      "action_time": "2012-06-19 20:31:41", 
      "object_repr": "Whiskey", 
      "object_id": "4", 
      "change_message": "", 
      "user": 1, 
      "content_type": [
        "inventory", 
        "beverage"
      ]
    }
  }, 
  {
    "pk": 4, 
    "model": "admin.logentry", 
    "fields": {
      "action_flag": 2, 
      "action_time": "2012-06-19 20:31:34", 
      "object_repr": "White Wine", 
      "object_id": "3", 
      "change_message": "Changed tokenvalue.", 
      "user": 1, 
      "content_type": [
        "inventory", 
        "beverage"
      ]
    }
  }, 
  {
    "pk": 3, 
    "model": "admin.logentry", 
    "fields": {
      "action_flag": 1, 
      "action_time": "2012-06-19 20:31:29", 
      "object_repr": "White Wine", 
      "object_id": "3", 
      "change_message": "", 
      "user": 1, 
      "content_type": [
        "inventory", 
        "beverage"
      ]
    }
  }, 
  {
    "pk": 2, 
    "model": "admin.logentry", 
    "fields": {
      "action_flag": 1, 
      "action_time": "2012-06-19 20:31:22", 
      "object_repr": "Pepsi", 
      "object_id": "2", 
      "change_message": "", 
      "user": 1, 
      "content_type": [
        "inventory", 
        "beverage"
      ]
    }
  }, 
  {
    "pk": 1, 
    "model": "admin.logentry", 
    "fields": {
      "action_flag": 1, 
      "action_time": "2012-06-19 20:31:15", 
      "object_repr": "Coke", 
      "object_id": "1", 
      "change_message": "", 
      "user": 1, 
      "content_type": [
        "inventory", 
        "beverage"
      ]
    }
  }, 
  {
    "pk": 1, 
    "model": "south.migrationhistory", 
    "fields": {
      "applied": "2012-06-20 00:19:24", 
      "app_name": "menu", 
      "migration": "0001_initial"
    }
  }, 
  {
    "pk": 2, 
    "model": "south.migrationhistory", 
    "fields": {
      "applied": "2012-06-20 00:19:25", 
      "app_name": "dashboard", 
      "migration": "0001_initial"
    }
  }, 
  {
    "pk": 3, 
    "model": "south.migrationhistory", 
    "fields": {
      "applied": "2012-06-20 00:19:25", 
      "app_name": "dashboard", 
      "migration": "0002_auto__add_field_dashboardpreferences_dashboard_id"
    }
  }, 
  {
    "pk": 4, 
    "model": "south.migrationhistory", 
    "fields": {
      "applied": "2012-06-20 00:19:25", 
      "app_name": "inventory", 
      "migration": "0001_initial"
    }
  }, 
  {
    "pk": 5, 
    "model": "south.migrationhistory", 
    "fields": {
      "applied": "2012-06-20 00:30:45", 
      "app_name": "inventory", 
      "migration": "0002_auto__add_field_beverage_tokenvalue"
    }
  }, 
  {
    "pk": 6, 
    "model": "south.migrationhistory", 
    "fields": {
      "applied": "2012-06-20 01:15:56", 
      "app_name": "inventory", 
      "migration": "0003_auto__add_token__add_tokencollection__add_tokennote__add_tokendelivery"
    }
  }, 
  {
    "pk": 7, 
    "model": "south.migrationhistory", 
    "fields": {
      "applied": "2012-06-21 23:20:53", 
      "app_name": "inventory", 
      "migration": "0004_auto__add_field_tokencollection_location__add_field_tokendelivery_loca"
    }
  }, 
  {
    "pk": 8, 
    "model": "south.migrationhistory", 
    "fields": {
      "applied": "2012-06-23 23:35:37", 
      "app_name": "inventory", 
      "migration": "0005_auto__del_tokennote__add_locationtokennote__add_boothtokennote"
    }
  }, 
  {
    "pk": 9, 
    "model": "south.migrationhistory", 
    "fields": {
      "applied": "2012-06-24 18:03:44", 
      "app_name": "inventory", 
      "migration": "0006_auto__chg_field_boothtokennote_location"
    }
  }, 
  {
    "pk": 1, 
    "model": "inventory.beverage", 
    "fields": {
      "tokenvalue": 1, 
      "name": "Coke"
    }
  }, 
  {
    "pk": 2, 
    "model": "inventory.beverage", 
    "fields": {
      "tokenvalue": 2, 
      "name": "Pepsi"
    }
  }, 
  {
    "pk": 3, 
    "model": "inventory.beverage", 
    "fields": {
      "tokenvalue": 3, 
      "name": "White Wine"
    }
  }, 
  {
    "pk": 4, 
    "model": "inventory.beverage", 
    "fields": {
      "tokenvalue": 3, 
      "name": "Whiskey"
    }
  }, 
  {
    "pk": 5, 
    "model": "inventory.beverage", 
    "fields": {
      "tokenvalue": 2, 
      "name": "Beer"
    }
  }, 
  {
    "pk": 6, 
    "model": "inventory.beverage", 
    "fields": {
      "tokenvalue": 3, 
      "name": "Scotch"
    }
  }, 
  {
    "pk": 1, 
    "model": "inventory.location", 
    "fields": {
      "organization": "Ladies Garden Club", 
      "location_number": "101", 
      "name": "Garden Beverages"
    }
  }, 
  {
    "pk": 2, 
    "model": "inventory.location", 
    "fields": {
      "organization": "Dude Club", 
      "location_number": "102", 
      "name": "Dudes Tent"
    }
  }, 
  {
    "pk": 3, 
    "model": "inventory.location", 
    "fields": {
      "organization": "thing", 
      "location_number": "107", 
      "name": "thinger"
    }
  }, 
  {
    "pk": 4, 
    "model": "inventory.location", 
    "fields": {
      "organization": "Problems", 
      "location_number": "111", 
      "name": "0 problem"
    }
  }, 
  {
    "pk": 1, 
    "model": "inventory.locationstandard", 
    "fields": {
      "order_when_below": 5, 
      "beverage": 1, 
      "location": 1, 
      "fill_to_standard": 15, 
      "start_units": 15
    }
  }, 
  {
    "pk": 2, 
    "model": "inventory.locationstandard", 
    "fields": {
      "order_when_below": 6, 
      "beverage": 2, 
      "location": 1, 
      "fill_to_standard": 16, 
      "start_units": 16
    }
  }, 
  {
    "pk": 3, 
    "model": "inventory.locationstandard", 
    "fields": {
      "order_when_below": 7, 
      "beverage": 3, 
      "location": 1, 
      "fill_to_standard": 17, 
      "start_units": 17
    }
  }, 
  {
    "pk": 4, 
    "model": "inventory.locationstandard", 
    "fields": {
      "order_when_below": 10, 
      "beverage": 5, 
      "location": 2, 
      "fill_to_standard": 23, 
      "start_units": 22
    }
  }, 
  {
    "pk": 5, 
    "model": "inventory.locationstandard", 
    "fields": {
      "order_when_below": 11, 
      "beverage": 6, 
      "location": 2, 
      "fill_to_standard": 24, 
      "start_units": 23
    }
  }, 
  {
    "pk": 6, 
    "model": "inventory.locationstandard", 
    "fields": {
      "order_when_below": 12, 
      "beverage": 4, 
      "location": 2, 
      "fill_to_standard": 25, 
      "start_units": 24
    }
  }, 
  {
    "pk": 7, 
    "model": "inventory.locationstandard", 
    "fields": {
      "order_when_below": 99, 
      "beverage": 1, 
      "location": 3, 
      "fill_to_standard": 99, 
      "start_units": 99
    }
  }, 
  {
    "pk": 8, 
    "model": "inventory.locationstandard", 
    "fields": {
      "order_when_below": 99, 
      "beverage": 2, 
      "location": 3, 
      "fill_to_standard": 99, 
      "start_units": 99
    }
  }, 
  {
    "pk": 9, 
    "model": "inventory.locationstandard", 
    "fields": {
      "order_when_below": 99, 
      "beverage": 3, 
      "location": 3, 
      "fill_to_standard": 99, 
      "start_units": 99
    }
  }, 
  {
    "pk": 10, 
    "model": "inventory.locationstandard", 
    "fields": {
      "order_when_below": 1, 
      "beverage": 1, 
      "location": 4, 
      "fill_to_standard": 1, 
      "start_units": 1
    }
  }, 
  {
    "pk": 11, 
    "model": "inventory.locationstandard", 
    "fields": {
      "order_when_below": 1, 
      "beverage": 2, 
      "location": 4, 
      "fill_to_standard": 1, 
      "start_units": 1
    }
  }, 
  {
    "pk": 12, 
    "model": "inventory.locationstandard", 
    "fields": {
      "order_when_below": 1, 
      "beverage": 3, 
      "location": 4, 
      "fill_to_standard": 1, 
      "start_units": 1
    }
  }, 
  {
    "pk": 1, 
    "model": "inventory.ordergroup", 
    "fields": {}
  }, 
  {
    "pk": 2, 
    "model": "inventory.ordergroup", 
    "fields": {}
  }, 
  {
    "pk": 3, 
    "model": "inventory.ordergroup", 
    "fields": {}
  }, 
  {
    "pk": 4, 
    "model": "inventory.ordergroup", 
    "fields": {}
  }, 
  {
    "pk": 5, 
    "model": "inventory.ordergroup", 
    "fields": {}
  }, 
  {
    "pk": 6, 
    "model": "inventory.ordergroup", 
    "fields": {}
  }, 
  {
    "pk": 7, 
    "model": "inventory.ordergroup", 
    "fields": {}
  }, 
  {
    "pk": 8, 
    "model": "inventory.ordergroup", 
    "fields": {}
  }, 
  {
    "pk": 9, 
    "model": "inventory.ordergroup", 
    "fields": {}
  }, 
  {
    "pk": 10, 
    "model": "inventory.ordergroup", 
    "fields": {}
  }, 
  {
    "pk": 11, 
    "model": "inventory.ordergroup", 
    "fields": {}
  }, 
  {
    "pk": 12, 
    "model": "inventory.ordergroup", 
    "fields": {}
  }, 
  {
    "pk": 13, 
    "model": "inventory.ordergroup", 
    "fields": {}
  }, 
  {
    "pk": 14, 
    "model": "inventory.ordergroup", 
    "fields": {}
  }, 
  {
    "pk": 15, 
    "model": "inventory.ordergroup", 
    "fields": {}
  }, 
  {
    "pk": 16, 
    "model": "inventory.ordergroup", 
    "fields": {}
  }, 
  {
    "pk": 17, 
    "model": "inventory.ordergroup", 
    "fields": {}
  }, 
  {
    "pk": 18, 
    "model": "inventory.ordergroup", 
    "fields": {}
  }, 
  {
    "pk": 19, 
    "model": "inventory.ordergroup", 
    "fields": {}
  }, 
  {
    "pk": 20, 
    "model": "inventory.ordergroup", 
    "fields": {}
  }, 
  {
    "pk": 1, 
    "model": "inventory.order", 
    "fields": {
      "group": 1, 
      "units_ordered": 0, 
      "timestamp": "2012-06-20 19:37:13", 
      "beverage": 1, 
      "location": 1, 
      "order_delivered": null, 
      "user": 1
    }
  }, 
  {
    "pk": 2, 
    "model": "inventory.order", 
    "fields": {
      "group": 1, 
      "units_ordered": 0, 
      "timestamp": "2012-06-20 19:37:13", 
      "beverage": 2, 
      "location": 1, 
      "order_delivered": null, 
      "user": 1
    }
  }, 
  {
    "pk": 3, 
    "model": "inventory.order", 
    "fields": {
      "group": 1, 
      "units_ordered": 0, 
      "timestamp": "2012-06-20 19:37:13", 
      "beverage": 3, 
      "location": 1, 
      "order_delivered": null, 
      "user": 1
    }
  }, 
  {
    "pk": 4, 
    "model": "inventory.order", 
    "fields": {
      "group": 7, 
      "units_ordered": 0, 
      "timestamp": "2012-06-20 20:03:58", 
      "beverage": 1, 
      "location": 1, 
      "order_delivered": null, 
      "user": 1
    }
  }, 
  {
    "pk": 5, 
    "model": "inventory.order", 
    "fields": {
      "group": 7, 
      "units_ordered": 0, 
      "timestamp": "2012-06-20 20:03:58", 
      "beverage": 2, 
      "location": 1, 
      "order_delivered": null, 
      "user": 1
    }
  }, 
  {
    "pk": 6, 
    "model": "inventory.order", 
    "fields": {
      "group": 7, 
      "units_ordered": 22, 
      "timestamp": "2012-06-20 20:03:58", 
      "beverage": 3, 
      "location": 1, 
      "order_delivered": null, 
      "user": 1
    }
  }, 
  {
    "pk": 7, 
    "model": "inventory.order", 
    "fields": {
      "group": 16, 
      "units_ordered": 99, 
      "timestamp": "2012-06-26 19:27:20", 
      "beverage": 5, 
      "location": 2, 
      "order_delivered": false, 
      "user": 1
    }
  }, 
  {
    "pk": 8, 
    "model": "inventory.order", 
    "fields": {
      "group": 16, 
      "units_ordered": 66, 
      "timestamp": "2012-06-26 19:27:20", 
      "beverage": 6, 
      "location": 2, 
      "order_delivered": false, 
      "user": 1
    }
  }, 
  {
    "pk": 9, 
    "model": "inventory.order", 
    "fields": {
      "group": 16, 
      "units_ordered": 33, 
      "timestamp": "2012-06-26 19:27:20", 
      "beverage": 4, 
      "location": 2, 
      "order_delivered": false, 
      "user": 1
    }
  }, 
  {
    "pk": 10, 
    "model": "inventory.order", 
    "fields": {
      "group": 19, 
      "units_ordered": 45, 
      "timestamp": "2012-06-27 22:12:21", 
      "beverage": 5, 
      "location": 2, 
      "order_delivered": false, 
      "user": 1
    }
  }, 
  {
    "pk": 11, 
    "model": "inventory.order", 
    "fields": {
      "group": 19, 
      "units_ordered": 0, 
      "timestamp": "2012-06-27 22:12:21", 
      "beverage": 6, 
      "location": 2, 
      "order_delivered": null, 
      "user": 1
    }
  }, 
  {
    "pk": 12, 
    "model": "inventory.order", 
    "fields": {
      "group": 19, 
      "units_ordered": 0, 
      "timestamp": "2012-06-27 22:12:21", 
      "beverage": 4, 
      "location": 2, 
      "order_delivered": null, 
      "user": 1
    }
  }, 
  {
    "pk": 13, 
    "model": "inventory.order", 
    "fields": {
      "group": 20, 
      "units_ordered": 55, 
      "timestamp": "2012-07-04 14:39:22", 
      "beverage": 1, 
      "location": 1, 
      "order_delivered": false, 
      "user": 1
    }
  }, 
  {
    "pk": 14, 
    "model": "inventory.order", 
    "fields": {
      "group": 20, 
      "units_ordered": 55, 
      "timestamp": "2012-07-04 14:39:22", 
      "beverage": 2, 
      "location": 1, 
      "order_delivered": false, 
      "user": 1
    }
  }, 
  {
    "pk": 15, 
    "model": "inventory.order", 
    "fields": {
      "group": 20, 
      "units_ordered": 55, 
      "timestamp": "2012-07-04 14:39:22", 
      "beverage": 3, 
      "location": 1, 
      "order_delivered": false, 
      "user": 1
    }
  }, 
  {
    "pk": 1, 
    "model": "inventory.inventorygroup", 
    "fields": {}
  }, 
  {
    "pk": 2, 
    "model": "inventory.inventorygroup", 
    "fields": {}
  }, 
  {
    "pk": 3, 
    "model": "inventory.inventorygroup", 
    "fields": {}
  }, 
  {
    "pk": 4, 
    "model": "inventory.inventorygroup", 
    "fields": {}
  }, 
  {
    "pk": 5, 
    "model": "inventory.inventorygroup", 
    "fields": {}
  }, 
  {
    "pk": 6, 
    "model": "inventory.inventorygroup", 
    "fields": {}
  }, 
  {
    "pk": 7, 
    "model": "inventory.inventorygroup", 
    "fields": {}
  }, 
  {
    "pk": 8, 
    "model": "inventory.inventorygroup", 
    "fields": {}
  }, 
  {
    "pk": 9, 
    "model": "inventory.inventorygroup", 
    "fields": {}
  }, 
  {
    "pk": 10, 
    "model": "inventory.inventorygroup", 
    "fields": {}
  }, 
  {
    "pk": 11, 
    "model": "inventory.inventorygroup", 
    "fields": {}
  }, 
  {
    "pk": 12, 
    "model": "inventory.inventorygroup", 
    "fields": {}
  }, 
  {
    "pk": 13, 
    "model": "inventory.inventorygroup", 
    "fields": {}
  }, 
  {
    "pk": 14, 
    "model": "inventory.inventorygroup", 
    "fields": {}
  }, 
  {
    "pk": 15, 
    "model": "inventory.inventorygroup", 
    "fields": {}
  }, 
  {
    "pk": 16, 
    "model": "inventory.inventorygroup", 
    "fields": {}
  }, 
  {
    "pk": 17, 
    "model": "inventory.inventorygroup", 
    "fields": {}
  }, 
  {
    "pk": 18, 
    "model": "inventory.inventorygroup", 
    "fields": {}
  }, 
  {
    "pk": 19, 
    "model": "inventory.inventorygroup", 
    "fields": {}
  }, 
  {
    "pk": 20, 
    "model": "inventory.inventorygroup", 
    "fields": {}
  }, 
  {
    "pk": 21, 
    "model": "inventory.inventorygroup", 
    "fields": {}
  }, 
  {
    "pk": 22, 
    "model": "inventory.inventorygroup", 
    "fields": {}
  }, 
  {
    "pk": 23, 
    "model": "inventory.inventorygroup", 
    "fields": {}
  }, 
  {
    "pk": 24, 
    "model": "inventory.inventorygroup", 
    "fields": {}
  }, 
  {
    "pk": 1, 
    "model": "inventory.inventory", 
    "fields": {
      "group": 1, 
      "timestamp": "2012-06-19 21:00:04", 
      "beverage": 1, 
      "user": 1, 
      "units_reported": 0, 
      "location": 1
    }
  }, 
  {
    "pk": 2, 
    "model": "inventory.inventory", 
    "fields": {
      "group": 1, 
      "timestamp": "2012-06-19 21:00:04", 
      "beverage": 2, 
      "user": 1, 
      "units_reported": 0, 
      "location": 1
    }
  }, 
  {
    "pk": 3, 
    "model": "inventory.inventory", 
    "fields": {
      "group": 1, 
      "timestamp": "2012-06-19 21:00:04", 
      "beverage": 3, 
      "user": 1, 
      "units_reported": 0, 
      "location": 1
    }
  }, 
  {
    "pk": 4, 
    "model": "inventory.inventory", 
    "fields": {
      "group": 2, 
      "timestamp": "2012-06-20 19:37:23", 
      "beverage": 1, 
      "user": 1, 
      "units_reported": 0, 
      "location": 1
    }
  }, 
  {
    "pk": 5, 
    "model": "inventory.inventory", 
    "fields": {
      "group": 2, 
      "timestamp": "2012-06-20 19:37:23", 
      "beverage": 2, 
      "user": 1, 
      "units_reported": 0, 
      "location": 1
    }
  }, 
  {
    "pk": 6, 
    "model": "inventory.inventory", 
    "fields": {
      "group": 2, 
      "timestamp": "2012-06-20 19:37:23", 
      "beverage": 3, 
      "user": 1, 
      "units_reported": 0, 
      "location": 1
    }
  }, 
  {
    "pk": 10, 
    "model": "inventory.inventory", 
    "fields": {
      "group": 23, 
      "timestamp": "2012-06-26 19:26:37", 
      "beverage": 5, 
      "user": 1, 
      "units_reported": 99, 
      "location": 2
    }
  }, 
  {
    "pk": 11, 
    "model": "inventory.inventory", 
    "fields": {
      "group": 23, 
      "timestamp": "2012-06-26 19:26:37", 
      "beverage": 6, 
      "user": 1, 
      "units_reported": 66, 
      "location": 2
    }
  }, 
  {
    "pk": 12, 
    "model": "inventory.inventory", 
    "fields": {
      "group": 23, 
      "timestamp": "2012-06-26 19:26:37", 
      "beverage": 4, 
      "user": 1, 
      "units_reported": 33, 
      "location": 2
    }
  }, 
  {
    "pk": 13, 
    "model": "inventory.inventory", 
    "fields": {
      "group": 24, 
      "timestamp": "2012-06-26 19:28:41", 
      "beverage": 1, 
      "user": 1, 
      "units_reported": 400, 
      "location": 1
    }
  }, 
  {
    "pk": 14, 
    "model": "inventory.inventory", 
    "fields": {
      "group": 24, 
      "timestamp": "2012-06-26 19:28:41", 
      "beverage": 2, 
      "user": 1, 
      "units_reported": 300, 
      "location": 1
    }
  }, 
  {
    "pk": 15, 
    "model": "inventory.inventory", 
    "fields": {
      "group": 24, 
      "timestamp": "2012-06-26 19:28:41", 
      "beverage": 3, 
      "user": 1, 
      "units_reported": 200, 
      "location": 1
    }
  }, 
  {
    "pk": 1, 
    "model": "inventory.note", 
    "fields": {
      "content": "ello", 
      "timestamp": "2012-06-24 09:59:28", 
      "location": 1, 
      "user": 1
    }
  }, 
  {
    "pk": 3, 
    "model": "inventory.note", 
    "fields": {
      "content": "Hello from the new template", 
      "timestamp": "2012-06-24 11:50:56", 
      "location": 1, 
      "user": 1
    }
  }, 
  {
    "pk": 4, 
    "model": "inventory.note", 
    "fields": {
      "content": "sdfgsdfg", 
      "timestamp": "2012-06-24 11:51:02", 
      "location": 1, 
      "user": 1
    }
  }, 
  {
    "pk": 5, 
    "model": "inventory.note", 
    "fields": {
      "content": "FIrst note for location 101\r\n", 
      "timestamp": "2012-06-24 12:35:04", 
      "location": 1, 
      "user": 1
    }
  }, 
  {
    "pk": 6, 
    "model": "inventory.note", 
    "fields": {
      "content": "First note for Location 101", 
      "timestamp": "2012-06-24 12:36:06", 
      "location": 1, 
      "user": 1
    }
  }, 
  {
    "pk": 7, 
    "model": "inventory.note", 
    "fields": {
      "content": "First token note for location 101\r\n", 
      "timestamp": "2012-06-24 12:37:20", 
      "location": 1, 
      "user": 1
    }
  }, 
  {
    "pk": 1, 
    "model": "inventory.token", 
    "fields": {
      "value": 2
    }
  }, 
  {
    "pk": 1, 
    "model": "inventory.tokenbooth", 
    "fields": {
      "location_number": "101", 
      "name": "Token Booth #1"
    }
  }, 
  {
    "pk": 2, 
    "model": "inventory.tokenbooth", 
    "fields": {
      "location_number": "102", 
      "name": "Token Booth #2"
    }
  }, 
  {
    "pk": 1, 
    "model": "inventory.tokendelivery", 
    "fields": {
      "tokens": 22, 
      "timestamp": "2012-06-21 21:31:14", 
      "location": 1, 
      "user": 1
    }
  }, 
  {
    "pk": 2, 
    "model": "inventory.tokendelivery", 
    "fields": {
      "tokens": 33, 
      "timestamp": "2012-06-21 21:31:33", 
      "location": 1, 
      "user": 1
    }
  }, 
  {
    "pk": 3, 
    "model": "inventory.tokendelivery", 
    "fields": {
      "tokens": 0, 
      "timestamp": "2012-06-21 21:35:14", 
      "location": 1, 
      "user": 1
    }
  }, 
  {
    "pk": 4, 
    "model": "inventory.tokendelivery", 
    "fields": {
      "tokens": 22, 
      "timestamp": "2012-06-21 21:41:26", 
      "location": 1, 
      "user": 1
    }
  }, 
  {
    "pk": 5, 
    "model": "inventory.tokendelivery", 
    "fields": {
      "tokens": 99, 
      "timestamp": "2012-06-22 18:02:30", 
      "location": 1, 
      "user": 1
    }
  }, 
  {
    "pk": 6, 
    "model": "inventory.tokendelivery", 
    "fields": {
      "tokens": 1234, 
      "timestamp": "2012-06-22 18:03:36", 
      "location": 1, 
      "user": 1
    }
  }, 
  {
    "pk": 7, 
    "model": "inventory.tokendelivery", 
    "fields": {
      "tokens": 7654, 
      "timestamp": "2012-06-22 18:03:53", 
      "location": 1, 
      "user": 1
    }
  }, 
  {
    "pk": 8, 
    "model": "inventory.tokendelivery", 
    "fields": {
      "tokens": 9898, 
      "timestamp": "2012-06-22 18:04:42", 
      "location": 1, 
      "user": 1
    }
  }, 
  {
    "pk": 9, 
    "model": "inventory.tokendelivery", 
    "fields": {
      "tokens": 47, 
      "timestamp": "2012-06-23 15:23:27", 
      "location": 1, 
      "user": 1
    }
  }, 
  {
    "pk": 10, 
    "model": "inventory.tokendelivery", 
    "fields": {
      "tokens": 43, 
      "timestamp": "2012-06-23 15:34:15", 
      "location": 1, 
      "user": 1
    }
  }, 
  {
    "pk": 11, 
    "model": "inventory.tokendelivery", 
    "fields": {
      "tokens": 2112, 
      "timestamp": "2012-06-23 15:53:54", 
      "location": 1, 
      "user": 1
    }
  }, 
  {
    "pk": 12, 
    "model": "inventory.tokendelivery", 
    "fields": {
      "tokens": 0, 
      "timestamp": "2012-07-01 17:03:59", 
      "location": 1, 
      "user": 2
    }
  }, 
  {
    "pk": 1, 
    "model": "inventory.tokencollection", 
    "fields": {
      "tokens": 2112, 
      "timestamp": "2012-06-23 15:57:32", 
      "location": 1, 
      "user": 1
    }
  }, 
  {
    "pk": 2, 
    "model": "inventory.tokencollection", 
    "fields": {
      "tokens": 1987, 
      "timestamp": "2012-06-23 15:57:45", 
      "location": 1, 
      "user": 1
    }
  }, 
  {
    "pk": 3, 
    "model": "inventory.tokencollection", 
    "fields": {
      "tokens": 4567, 
      "timestamp": "2012-06-24 14:55:21", 
      "location": 1, 
      "user": 1
    }
  }, 
  {
    "pk": 4, 
    "model": "inventory.tokencollection", 
    "fields": {
      "tokens": 44, 
      "timestamp": "2012-06-26 19:27:58", 
      "location": 1, 
      "user": 1
    }
  }, 
  {
    "pk": 5, 
    "model": "inventory.tokencollection", 
    "fields": {
      "tokens": 56, 
      "timestamp": "2012-06-26 19:28:04", 
      "location": 1, 
      "user": 1
    }
  }, 
  {
    "pk": 6, 
    "model": "inventory.tokencollection", 
    "fields": {
      "tokens": 99, 
      "timestamp": "2012-06-30 10:15:54", 
      "location": 4, 
      "user": 1
    }
  }, 
  {
    "pk": 7, 
    "model": "inventory.tokencollection", 
    "fields": {
      "tokens": 0, 
      "timestamp": "2012-06-30 16:11:41", 
      "location": 1, 
      "user": 1
    }
  }, 
  {
    "pk": 1, 
    "model": "inventory.locationtokennote", 
    "fields": {
      "content": "first location token note 101", 
      "timestamp": "2012-06-24 12:38:04", 
      "location": 1, 
      "user": 1
    }
  }, 
  {
    "pk": 2, 
    "model": "inventory.locationtokennote", 
    "fields": {
      "content": "locatioooooooon", 
      "timestamp": "2012-06-24 14:55:39", 
      "location": 1, 
      "user": 1
    }
  }, 
  {
    "pk": 1, 
    "model": "inventory.boothtokennote", 
    "fields": {
      "content": "token booth #1 note", 
      "timestamp": "2012-06-24 14:03:56", 
      "location": 1, 
      "user": 1
    }
  }, 
  {
    "pk": 2, 
    "model": "inventory.boothtokennote", 
    "fields": {
      "content": "boooth!!!", 
      "timestamp": "2012-06-24 14:54:46", 
      "location": 1, 
      "user": 1
    }
  }, 
  {
    "pk": 3, 
    "model": "inventory.boothtokennote", 
    "fields": {
      "content": "Booooooooth", 
      "timestamp": "2012-06-30 16:49:50", 
      "location": 1, 
      "user": 1
    }
  }, 
  {
    "pk": 22, 
    "model": "auth.permission", 
    "fields": {
      "codename": "add_logentry", 
      "name": "Can add log entry", 
      "content_type": [
        "admin", 
        "logentry"
      ]
    }
  }, 
  {
    "pk": 23, 
    "model": "auth.permission", 
    "fields": {
      "codename": "change_logentry", 
      "name": "Can change log entry", 
      "content_type": [
        "admin", 
        "logentry"
      ]
    }
  }, 
  {
    "pk": 24, 
    "model": "auth.permission", 
    "fields": {
      "codename": "delete_logentry", 
      "name": "Can delete log entry", 
      "content_type": [
        "admin", 
        "logentry"
      ]
    }
  }, 
  {
    "pk": 4, 
    "model": "auth.permission", 
    "fields": {
      "codename": "add_group", 
      "name": "Can add group", 
      "content_type": [
        "auth", 
        "group"
      ]
    }
  }, 
  {
    "pk": 5, 
    "model": "auth.permission", 
    "fields": {
      "codename": "change_group", 
      "name": "Can change group", 
      "content_type": [
        "auth", 
        "group"
      ]
    }
  }, 
  {
    "pk": 6, 
    "model": "auth.permission", 
    "fields": {
      "codename": "delete_group", 
      "name": "Can delete group", 
      "content_type": [
        "auth", 
        "group"
      ]
    }
  }, 
  {
    "pk": 10, 
    "model": "auth.permission", 
    "fields": {
      "codename": "add_message", 
      "name": "Can add message", 
      "content_type": [
        "auth", 
        "message"
      ]
    }
  }, 
  {
    "pk": 11, 
    "model": "auth.permission", 
    "fields": {
      "codename": "change_message", 
      "name": "Can change message", 
      "content_type": [
        "auth", 
        "message"
      ]
    }
  }, 
  {
    "pk": 12, 
    "model": "auth.permission", 
    "fields": {
      "codename": "delete_message", 
      "name": "Can delete message", 
      "content_type": [
        "auth", 
        "message"
      ]
    }
  }, 
  {
    "pk": 1, 
    "model": "auth.permission", 
    "fields": {
      "codename": "add_permission", 
      "name": "Can add permission", 
      "content_type": [
        "auth", 
        "permission"
      ]
    }
  }, 
  {
    "pk": 2, 
    "model": "auth.permission", 
    "fields": {
      "codename": "change_permission", 
      "name": "Can change permission", 
      "content_type": [
        "auth", 
        "permission"
      ]
    }
  }, 
  {
    "pk": 3, 
    "model": "auth.permission", 
    "fields": {
      "codename": "delete_permission", 
      "name": "Can delete permission", 
      "content_type": [
        "auth", 
        "permission"
      ]
    }
  }, 
  {
    "pk": 7, 
    "model": "auth.permission", 
    "fields": {
      "codename": "add_user", 
      "name": "Can add user", 
      "content_type": [
        "auth", 
        "user"
      ]
    }
  }, 
  {
    "pk": 8, 
    "model": "auth.permission", 
    "fields": {
      "codename": "change_user", 
      "name": "Can change user", 
      "content_type": [
        "auth", 
        "user"
      ]
    }
  }, 
  {
    "pk": 9, 
    "model": "auth.permission", 
    "fields": {
      "codename": "delete_user", 
      "name": "Can delete user", 
      "content_type": [
        "auth", 
        "user"
      ]
    }
  }, 
  {
    "pk": 13, 
    "model": "auth.permission", 
    "fields": {
      "codename": "add_contenttype", 
      "name": "Can add content type", 
      "content_type": [
        "contenttypes", 
        "contenttype"
      ]
    }
  }, 
  {
    "pk": 14, 
    "model": "auth.permission", 
    "fields": {
      "codename": "change_contenttype", 
      "name": "Can change content type", 
      "content_type": [
        "contenttypes", 
        "contenttype"
      ]
    }
  }, 
  {
    "pk": 15, 
    "model": "auth.permission", 
    "fields": {
      "codename": "delete_contenttype", 
      "name": "Can delete content type", 
      "content_type": [
        "contenttypes", 
        "contenttype"
      ]
    }
  }, 
  {
    "pk": 34, 
    "model": "auth.permission", 
    "fields": {
      "codename": "add_dashboardpreferences", 
      "name": "Can add dashboard preferences", 
      "content_type": [
        "dashboard", 
        "dashboardpreferences"
      ]
    }
  }, 
  {
    "pk": 35, 
    "model": "auth.permission", 
    "fields": {
      "codename": "change_dashboardpreferences", 
      "name": "Can change dashboard preferences", 
      "content_type": [
        "dashboard", 
        "dashboardpreferences"
      ]
    }
  }, 
  {
    "pk": 36, 
    "model": "auth.permission", 
    "fields": {
      "codename": "delete_dashboardpreferences", 
      "name": "Can delete dashboard preferences", 
      "content_type": [
        "dashboard", 
        "dashboardpreferences"
      ]
    }
  }, 
  {
    "pk": 37, 
    "model": "auth.permission", 
    "fields": {
      "codename": "add_beverage", 
      "name": "Can add beverage", 
      "content_type": [
        "inventory", 
        "beverage"
      ]
    }
  }, 
  {
    "pk": 38, 
    "model": "auth.permission", 
    "fields": {
      "codename": "change_beverage", 
      "name": "Can change beverage", 
      "content_type": [
        "inventory", 
        "beverage"
      ]
    }
  }, 
  {
    "pk": 39, 
    "model": "auth.permission", 
    "fields": {
      "codename": "delete_beverage", 
      "name": "Can delete beverage", 
      "content_type": [
        "inventory", 
        "beverage"
      ]
    }
  }, 
  {
    "pk": 79, 
    "model": "auth.permission", 
    "fields": {
      "codename": "add_boothtokennote", 
      "name": "Can add booth token note", 
      "content_type": [
        "inventory", 
        "boothtokennote"
      ]
    }
  }, 
  {
    "pk": 80, 
    "model": "auth.permission", 
    "fields": {
      "codename": "change_boothtokennote", 
      "name": "Can change booth token note", 
      "content_type": [
        "inventory", 
        "boothtokennote"
      ]
    }
  }, 
  {
    "pk": 81, 
    "model": "auth.permission", 
    "fields": {
      "codename": "delete_boothtokennote", 
      "name": "Can delete booth token note", 
      "content_type": [
        "inventory", 
        "boothtokennote"
      ]
    }
  }, 
  {
    "pk": 55, 
    "model": "auth.permission", 
    "fields": {
      "codename": "add_inventory", 
      "name": "Can add inventory", 
      "content_type": [
        "inventory", 
        "inventory"
      ]
    }
  }, 
  {
    "pk": 56, 
    "model": "auth.permission", 
    "fields": {
      "codename": "change_inventory", 
      "name": "Can change inventory", 
      "content_type": [
        "inventory", 
        "inventory"
      ]
    }
  }, 
  {
    "pk": 57, 
    "model": "auth.permission", 
    "fields": {
      "codename": "delete_inventory", 
      "name": "Can delete inventory", 
      "content_type": [
        "inventory", 
        "inventory"
      ]
    }
  }, 
  {
    "pk": 52, 
    "model": "auth.permission", 
    "fields": {
      "codename": "add_inventorygroup", 
      "name": "Can add inventory group", 
      "content_type": [
        "inventory", 
        "inventorygroup"
      ]
    }
  }, 
  {
    "pk": 53, 
    "model": "auth.permission", 
    "fields": {
      "codename": "change_inventorygroup", 
      "name": "Can change inventory group", 
      "content_type": [
        "inventory", 
        "inventorygroup"
      ]
    }
  }, 
  {
    "pk": 54, 
    "model": "auth.permission", 
    "fields": {
      "codename": "delete_inventorygroup", 
      "name": "Can delete inventory group", 
      "content_type": [
        "inventory", 
        "inventorygroup"
      ]
    }
  }, 
  {
    "pk": 40, 
    "model": "auth.permission", 
    "fields": {
      "codename": "add_location", 
      "name": "Can add location", 
      "content_type": [
        "inventory", 
        "location"
      ]
    }
  }, 
  {
    "pk": 41, 
    "model": "auth.permission", 
    "fields": {
      "codename": "change_location", 
      "name": "Can change location", 
      "content_type": [
        "inventory", 
        "location"
      ]
    }
  }, 
  {
    "pk": 42, 
    "model": "auth.permission", 
    "fields": {
      "codename": "delete_location", 
      "name": "Can delete location", 
      "content_type": [
        "inventory", 
        "location"
      ]
    }
  }, 
  {
    "pk": 43, 
    "model": "auth.permission", 
    "fields": {
      "codename": "add_locationstandard", 
      "name": "Can add location standard", 
      "content_type": [
        "inventory", 
        "locationstandard"
      ]
    }
  }, 
  {
    "pk": 44, 
    "model": "auth.permission", 
    "fields": {
      "codename": "change_locationstandard", 
      "name": "Can change location standard", 
      "content_type": [
        "inventory", 
        "locationstandard"
      ]
    }
  }, 
  {
    "pk": 45, 
    "model": "auth.permission", 
    "fields": {
      "codename": "delete_locationstandard", 
      "name": "Can delete location standard", 
      "content_type": [
        "inventory", 
        "locationstandard"
      ]
    }
  }, 
  {
    "pk": 76, 
    "model": "auth.permission", 
    "fields": {
      "codename": "add_locationtokennote", 
      "name": "Can add location token note", 
      "content_type": [
        "inventory", 
        "locationtokennote"
      ]
    }
  }, 
  {
    "pk": 77, 
    "model": "auth.permission", 
    "fields": {
      "codename": "change_locationtokennote", 
      "name": "Can change location token note", 
      "content_type": [
        "inventory", 
        "locationtokennote"
      ]
    }
  }, 
  {
    "pk": 78, 
    "model": "auth.permission", 
    "fields": {
      "codename": "delete_locationtokennote", 
      "name": "Can delete location token note", 
      "content_type": [
        "inventory", 
        "locationtokennote"
      ]
    }
  }, 
  {
    "pk": 58, 
    "model": "auth.permission", 
    "fields": {
      "codename": "add_note", 
      "name": "Can add note", 
      "content_type": [
        "inventory", 
        "note"
      ]
    }
  }, 
  {
    "pk": 59, 
    "model": "auth.permission", 
    "fields": {
      "codename": "change_note", 
      "name": "Can change note", 
      "content_type": [
        "inventory", 
        "note"
      ]
    }
  }, 
  {
    "pk": 60, 
    "model": "auth.permission", 
    "fields": {
      "codename": "delete_note", 
      "name": "Can delete note", 
      "content_type": [
        "inventory", 
        "note"
      ]
    }
  }, 
  {
    "pk": 49, 
    "model": "auth.permission", 
    "fields": {
      "codename": "add_order", 
      "name": "Can add order", 
      "content_type": [
        "inventory", 
        "order"
      ]
    }
  }, 
  {
    "pk": 50, 
    "model": "auth.permission", 
    "fields": {
      "codename": "change_order", 
      "name": "Can change order", 
      "content_type": [
        "inventory", 
        "order"
      ]
    }
  }, 
  {
    "pk": 51, 
    "model": "auth.permission", 
    "fields": {
      "codename": "delete_order", 
      "name": "Can delete order", 
      "content_type": [
        "inventory", 
        "order"
      ]
    }
  }, 
  {
    "pk": 46, 
    "model": "auth.permission", 
    "fields": {
      "codename": "add_ordergroup", 
      "name": "Can add order group", 
      "content_type": [
        "inventory", 
        "ordergroup"
      ]
    }
  }, 
  {
    "pk": 47, 
    "model": "auth.permission", 
    "fields": {
      "codename": "change_ordergroup", 
      "name": "Can change order group", 
      "content_type": [
        "inventory", 
        "ordergroup"
      ]
    }
  }, 
  {
    "pk": 48, 
    "model": "auth.permission", 
    "fields": {
      "codename": "delete_ordergroup", 
      "name": "Can delete order group", 
      "content_type": [
        "inventory", 
        "ordergroup"
      ]
    }
  }, 
  {
    "pk": 61, 
    "model": "auth.permission", 
    "fields": {
      "codename": "add_token", 
      "name": "Can add token", 
      "content_type": [
        "inventory", 
        "token"
      ]
    }
  }, 
  {
    "pk": 62, 
    "model": "auth.permission", 
    "fields": {
      "codename": "change_token", 
      "name": "Can change token", 
      "content_type": [
        "inventory", 
        "token"
      ]
    }
  }, 
  {
    "pk": 63, 
    "model": "auth.permission", 
    "fields": {
      "codename": "delete_token", 
      "name": "Can delete token", 
      "content_type": [
        "inventory", 
        "token"
      ]
    }
  }, 
  {
    "pk": 64, 
    "model": "auth.permission", 
    "fields": {
      "codename": "add_tokenbooth", 
      "name": "Can add token booth", 
      "content_type": [
        "inventory", 
        "tokenbooth"
      ]
    }
  }, 
  {
    "pk": 65, 
    "model": "auth.permission", 
    "fields": {
      "codename": "change_tokenbooth", 
      "name": "Can change token booth", 
      "content_type": [
        "inventory", 
        "tokenbooth"
      ]
    }
  }, 
  {
    "pk": 66, 
    "model": "auth.permission", 
    "fields": {
      "codename": "delete_tokenbooth", 
      "name": "Can delete token booth", 
      "content_type": [
        "inventory", 
        "tokenbooth"
      ]
    }
  }, 
  {
    "pk": 70, 
    "model": "auth.permission", 
    "fields": {
      "codename": "add_tokencollection", 
      "name": "Can add token collection", 
      "content_type": [
        "inventory", 
        "tokencollection"
      ]
    }
  }, 
  {
    "pk": 71, 
    "model": "auth.permission", 
    "fields": {
      "codename": "change_tokencollection", 
      "name": "Can change token collection", 
      "content_type": [
        "inventory", 
        "tokencollection"
      ]
    }
  }, 
  {
    "pk": 72, 
    "model": "auth.permission", 
    "fields": {
      "codename": "delete_tokencollection", 
      "name": "Can delete token collection", 
      "content_type": [
        "inventory", 
        "tokencollection"
      ]
    }
  }, 
  {
    "pk": 67, 
    "model": "auth.permission", 
    "fields": {
      "codename": "add_tokendelivery", 
      "name": "Can add token delivery", 
      "content_type": [
        "inventory", 
        "tokendelivery"
      ]
    }
  }, 
  {
    "pk": 68, 
    "model": "auth.permission", 
    "fields": {
      "codename": "change_tokendelivery", 
      "name": "Can change token delivery", 
      "content_type": [
        "inventory", 
        "tokendelivery"
      ]
    }
  }, 
  {
    "pk": 69, 
    "model": "auth.permission", 
    "fields": {
      "codename": "delete_tokendelivery", 
      "name": "Can delete token delivery", 
      "content_type": [
        "inventory", 
        "tokendelivery"
      ]
    }
  }, 
  {
    "pk": 31, 
    "model": "auth.permission", 
    "fields": {
      "codename": "add_bookmark", 
      "name": "Can add bookmark", 
      "content_type": [
        "menu", 
        "bookmark"
      ]
    }
  }, 
  {
    "pk": 32, 
    "model": "auth.permission", 
    "fields": {
      "codename": "change_bookmark", 
      "name": "Can change bookmark", 
      "content_type": [
        "menu", 
        "bookmark"
      ]
    }
  }, 
  {
    "pk": 33, 
    "model": "auth.permission", 
    "fields": {
      "codename": "delete_bookmark", 
      "name": "Can delete bookmark", 
      "content_type": [
        "menu", 
        "bookmark"
      ]
    }
  }, 
  {
    "pk": 28, 
    "model": "auth.permission", 
    "fields": {
      "codename": "add_registrationprofile", 
      "name": "Can add registration profile", 
      "content_type": [
        "registration", 
        "registrationprofile"
      ]
    }
  }, 
  {
    "pk": 29, 
    "model": "auth.permission", 
    "fields": {
      "codename": "change_registrationprofile", 
      "name": "Can change registration profile", 
      "content_type": [
        "registration", 
        "registrationprofile"
      ]
    }
  }, 
  {
    "pk": 30, 
    "model": "auth.permission", 
    "fields": {
      "codename": "delete_registrationprofile", 
      "name": "Can delete registration profile", 
      "content_type": [
        "registration", 
        "registrationprofile"
      ]
    }
  }, 
  {
    "pk": 16, 
    "model": "auth.permission", 
    "fields": {
      "codename": "add_session", 
      "name": "Can add session", 
      "content_type": [
        "sessions", 
        "session"
      ]
    }
  }, 
  {
    "pk": 17, 
    "model": "auth.permission", 
    "fields": {
      "codename": "change_session", 
      "name": "Can change session", 
      "content_type": [
        "sessions", 
        "session"
      ]
    }
  }, 
  {
    "pk": 18, 
    "model": "auth.permission", 
    "fields": {
      "codename": "delete_session", 
      "name": "Can delete session", 
      "content_type": [
        "sessions", 
        "session"
      ]
    }
  }, 
  {
    "pk": 19, 
    "model": "auth.permission", 
    "fields": {
      "codename": "add_site", 
      "name": "Can add site", 
      "content_type": [
        "sites", 
        "site"
      ]
    }
  }, 
  {
    "pk": 20, 
    "model": "auth.permission", 
    "fields": {
      "codename": "change_site", 
      "name": "Can change site", 
      "content_type": [
        "sites", 
        "site"
      ]
    }
  }, 
  {
    "pk": 21, 
    "model": "auth.permission", 
    "fields": {
      "codename": "delete_site", 
      "name": "Can delete site", 
      "content_type": [
        "sites", 
        "site"
      ]
    }
  }, 
  {
    "pk": 25, 
    "model": "auth.permission", 
    "fields": {
      "codename": "add_migrationhistory", 
      "name": "Can add migration history", 
      "content_type": [
        "south", 
        "migrationhistory"
      ]
    }
  }, 
  {
    "pk": 26, 
    "model": "auth.permission", 
    "fields": {
      "codename": "change_migrationhistory", 
      "name": "Can change migration history", 
      "content_type": [
        "south", 
        "migrationhistory"
      ]
    }
  }, 
  {
    "pk": 27, 
    "model": "auth.permission", 
    "fields": {
      "codename": "delete_migrationhistory", 
      "name": "Can delete migration history", 
      "content_type": [
        "south", 
        "migrationhistory"
      ]
    }
  }, 
  {
    "pk": 3, 
    "model": "auth.group", 
    "fields": {
      "name": "Admin", 
      "permissions": [
        [
          "add_logentry", 
          "admin", 
          "logentry"
        ], 
        [
          "change_logentry", 
          "admin", 
          "logentry"
        ], 
        [
          "delete_logentry", 
          "admin", 
          "logentry"
        ], 
        [
          "add_group", 
          "auth", 
          "group"
        ], 
        [
          "change_group", 
          "auth", 
          "group"
        ], 
        [
          "delete_group", 
          "auth", 
          "group"
        ], 
        [
          "add_message", 
          "auth", 
          "message"
        ], 
        [
          "change_message", 
          "auth", 
          "message"
        ], 
        [
          "delete_message", 
          "auth", 
          "message"
        ], 
        [
          "add_permission", 
          "auth", 
          "permission"
        ], 
        [
          "change_permission", 
          "auth", 
          "permission"
        ], 
        [
          "delete_permission", 
          "auth", 
          "permission"
        ], 
        [
          "add_user", 
          "auth", 
          "user"
        ], 
        [
          "change_user", 
          "auth", 
          "user"
        ], 
        [
          "delete_user", 
          "auth", 
          "user"
        ], 
        [
          "add_contenttype", 
          "contenttypes", 
          "contenttype"
        ], 
        [
          "change_contenttype", 
          "contenttypes", 
          "contenttype"
        ], 
        [
          "delete_contenttype", 
          "contenttypes", 
          "contenttype"
        ], 
        [
          "add_dashboardpreferences", 
          "dashboard", 
          "dashboardpreferences"
        ], 
        [
          "change_dashboardpreferences", 
          "dashboard", 
          "dashboardpreferences"
        ], 
        [
          "delete_dashboardpreferences", 
          "dashboard", 
          "dashboardpreferences"
        ], 
        [
          "add_beverage", 
          "inventory", 
          "beverage"
        ], 
        [
          "change_beverage", 
          "inventory", 
          "beverage"
        ], 
        [
          "delete_beverage", 
          "inventory", 
          "beverage"
        ], 
        [
          "add_boothtokennote", 
          "inventory", 
          "boothtokennote"
        ], 
        [
          "change_boothtokennote", 
          "inventory", 
          "boothtokennote"
        ], 
        [
          "delete_boothtokennote", 
          "inventory", 
          "boothtokennote"
        ], 
        [
          "add_inventory", 
          "inventory", 
          "inventory"
        ], 
        [
          "change_inventory", 
          "inventory", 
          "inventory"
        ], 
        [
          "delete_inventory", 
          "inventory", 
          "inventory"
        ], 
        [
          "add_inventorygroup", 
          "inventory", 
          "inventorygroup"
        ], 
        [
          "change_inventorygroup", 
          "inventory", 
          "inventorygroup"
        ], 
        [
          "delete_inventorygroup", 
          "inventory", 
          "inventorygroup"
        ], 
        [
          "add_location", 
          "inventory", 
          "location"
        ], 
        [
          "change_location", 
          "inventory", 
          "location"
        ], 
        [
          "delete_location", 
          "inventory", 
          "location"
        ], 
        [
          "add_locationstandard", 
          "inventory", 
          "locationstandard"
        ], 
        [
          "change_locationstandard", 
          "inventory", 
          "locationstandard"
        ], 
        [
          "delete_locationstandard", 
          "inventory", 
          "locationstandard"
        ], 
        [
          "add_locationtokennote", 
          "inventory", 
          "locationtokennote"
        ], 
        [
          "change_locationtokennote", 
          "inventory", 
          "locationtokennote"
        ], 
        [
          "delete_locationtokennote", 
          "inventory", 
          "locationtokennote"
        ], 
        [
          "add_note", 
          "inventory", 
          "note"
        ], 
        [
          "change_note", 
          "inventory", 
          "note"
        ], 
        [
          "delete_note", 
          "inventory", 
          "note"
        ], 
        [
          "add_order", 
          "inventory", 
          "order"
        ], 
        [
          "change_order", 
          "inventory", 
          "order"
        ], 
        [
          "delete_order", 
          "inventory", 
          "order"
        ], 
        [
          "add_ordergroup", 
          "inventory", 
          "ordergroup"
        ], 
        [
          "change_ordergroup", 
          "inventory", 
          "ordergroup"
        ], 
        [
          "delete_ordergroup", 
          "inventory", 
          "ordergroup"
        ], 
        [
          "add_token", 
          "inventory", 
          "token"
        ], 
        [
          "change_token", 
          "inventory", 
          "token"
        ], 
        [
          "delete_token", 
          "inventory", 
          "token"
        ], 
        [
          "add_tokenbooth", 
          "inventory", 
          "tokenbooth"
        ], 
        [
          "change_tokenbooth", 
          "inventory", 
          "tokenbooth"
        ], 
        [
          "delete_tokenbooth", 
          "inventory", 
          "tokenbooth"
        ], 
        [
          "add_tokencollection", 
          "inventory", 
          "tokencollection"
        ], 
        [
          "change_tokencollection", 
          "inventory", 
          "tokencollection"
        ], 
        [
          "delete_tokencollection", 
          "inventory", 
          "tokencollection"
        ], 
        [
          "add_tokendelivery", 
          "inventory", 
          "tokendelivery"
        ], 
        [
          "change_tokendelivery", 
          "inventory", 
          "tokendelivery"
        ], 
        [
          "delete_tokendelivery", 
          "inventory", 
          "tokendelivery"
        ], 
        [
          "add_bookmark", 
          "menu", 
          "bookmark"
        ], 
        [
          "change_bookmark", 
          "menu", 
          "bookmark"
        ], 
        [
          "delete_bookmark", 
          "menu", 
          "bookmark"
        ], 
        [
          "add_registrationprofile", 
          "registration", 
          "registrationprofile"
        ], 
        [
          "change_registrationprofile", 
          "registration", 
          "registrationprofile"
        ], 
        [
          "delete_registrationprofile", 
          "registration", 
          "registrationprofile"
        ], 
        [
          "add_session", 
          "sessions", 
          "session"
        ], 
        [
          "change_session", 
          "sessions", 
          "session"
        ], 
        [
          "delete_session", 
          "sessions", 
          "session"
        ], 
        [
          "add_site", 
          "sites", 
          "site"
        ], 
        [
          "change_site", 
          "sites", 
          "site"
        ], 
        [
          "delete_site", 
          "sites", 
          "site"
        ], 
        [
          "add_migrationhistory", 
          "south", 
          "migrationhistory"
        ], 
        [
          "change_migrationhistory", 
          "south", 
          "migrationhistory"
        ], 
        [
          "delete_migrationhistory", 
          "south", 
          "migrationhistory"
        ]
      ]
    }
  }, 
  {
    "pk": 4, 
    "model": "auth.user", 
    "fields": {
      "username": "admin", 
      "first_name": "Admin", 
      "last_name": "Adminnerton", 
      "is_active": true, 
      "is_superuser": false, 
      "is_staff": false, 
      "last_login": "2012-07-04 14:29:01", 
      "groups": [
        3
      ], 
      "user_permissions": [], 
      "password": "sha1$f0b0d$d4b4017ae186ef6c911c0856b9d6dc638c5c865b", 
      "email": "", 
      "date_joined": "2012-07-04 14:09:22"
    }
  }, 
  {
    "pk": 2, 
    "model": "auth.user", 
    "fields": {
      "username": "order", 
      "first_name": "order", 
      "last_name": "orderman", 
      "is_active": true, 
      "is_superuser": false, 
      "is_staff": false, 
      "last_login": "2012-07-04 14:39:36", 
      "groups": [], 
      "user_permissions": [], 
      "password": "sha1$f37c9$70bd707350c28bc2b5eaebc07dae83ea45b05354", 
      "email": "", 
      "date_joined": "2012-07-01 17:02:27"
    }
  }, 
  {
    "pk": 1, 
    "model": "auth.user", 
    "fields": {
      "username": "jasongonzales", 
      "first_name": "Jason", 
      "last_name": "Gonzales", 
      "is_active": true, 
      "is_superuser": true, 
      "is_staff": true, 
      "last_login": "2012-07-04 14:44:50", 
      "groups": [], 
      "user_permissions": [], 
      "password": "sha1$5ff2b$d1b8ec0a7134eb48d9cc78cdc7701ec628ea2a42", 
      "email": "jason.gonzales23@gmail.com", 
      "date_joined": "2012-06-19 20:19:14"
    }
  }, 
  {
    "pk": 3, 
    "model": "auth.user", 
    "fields": {
      "username": "token", 
      "first_name": "token", 
      "last_name": "tokenman", 
      "is_active": true, 
      "is_superuser": false, 
      "is_staff": false, 
      "last_login": "2012-07-04 14:45:21", 
      "groups": [], 
      "user_permissions": [], 
      "password": "sha1$1cd96$f30c7016b98c25375193e461db568417a92bdf79", 
      "email": "", 
      "date_joined": "2012-07-01 17:02:51"
    }
  }
]